"Departamento","Municipio","Operadora","Contrato","Campo","Enero","Febrero","Marzo","Abril","Mayo","Junio","Julio","Agosto"
"ANTIOQUIA","PUERTO NARE","ECOPETROL S.A.","TECA COCORNA","AREA TECA-COCORNA",1766,1689,1827,1538,1239,1049,976,949
"ANTIOQUIA","PUERTO TRIUNFO","ECOPETROL S.A.","TECA COCORNA","AREA TECA-COCORNA",120,118,82,0,0,0,14,104
"ANTIOQUIA","YONDO","ECOPETROL S.A.","MAGDALENA MEDIO","CASABE",11637,11584,11488,10712,9483,9403,9599,9528
"ANTIOQUIA","YONDO","ECOPETROL S.A.","MAGDALENA MEDIO","CASABE SUR",1853,1763,1832,1838,1539,1542,1573,1515
"ANTIOQUIA","PUERTO NARE","MANSAROVAR ENERGY COLOMBIA LTD","NARE","NARE SUR",187,185,174,191,194,167,169,152
"ANTIOQUIA","YONDO","ECOPETROL S.A.","MAGDALENA MEDIO","PE—AS BLANCAS",1192,1120,1092,1109,1040,1057,1055,953
"ANTIOQUIA","PUERTO NARE","MANSAROVAR ENERGY COLOMBIA LTD","NARE","UNDERRIVER",646,626,632,662,570,444,546,524
"ARAUCA","TAME","PAREX RESOURCES COLOMBIA LTD. SUCURSAL","CAPACHOS","ANDINA",2163,5304,6826,6705,3300,2994,3046,3082
"ARAUCA","ARAUQUITA","OCCIDENTAL DE COLOMBIA LLC","CHIPIRON","ARAGUATO",61,61,61,61,59,55,55,54
"ARAUCA","ARAUQUITA","OCCIDENTAL DE COLOMBIA LLC","CHIPIRON","BAYONERO",358,317,264,233,224,215,217,214
"ARAUCA","ARAUQUITA","OCCIDENTAL DE COLOMBIA LLC","COSECHA","CANAGUEY",1092,975,997,1101,1046,1013,984,980
"ARAUCA","ARAUCA","OCCIDENTAL DE COLOMBIA LLC","CRAVO NORTE","CA—O LIMON",20370,20604,20789,20137,20284,20238,20358,20210
"ARAUCA","ARAUQUITA","OCCIDENTAL DE COLOMBIA LLC","CRAVO NORTE","CA—O LIMON",726,747,713,571,591,655,656,675
"ARAUCA","ARAUQUITA","OCCIDENTAL DE COLOMBIA LLC","RONDON","CA—O RONDON",2827,2567,2390,2265,2182,2390,2542,2230
"ARAUCA","ARAUCA","OCCIDENTAL DE COLOMBIA LLC","CRAVO NORTE","CA—O YARUMAL",3081,3717,3537,2438,2649,3095,2918,2937
"ARAUCA","TAME","PAREX RESOURCES COLOMBIA LTD. SUCURSAL","CAPACHOS","CAPACHOS",984,1623,1722,1601,1628,1939,1913,1862
"ARAUCA","ARAUQUITA","OCCIDENTAL DE COLOMBIA LLC","RONDON","CARICARE",3295,2870,2805,2427,2715,2928,2904,3058
"ARAUCA","ARAUCA","OCCIDENTAL DE COLOMBIA LLC","CHIPIRON","CHIPIRON",5400,5166,4893,4473,5042,731,4991,675
"ARAUCA","ARAUQUITA","OCCIDENTAL DE COLOMBIA LLC","CHIPIRON","CHIPIRON",89,90,89,87,76,4165,71,4164
"ARAUCA","ARAUQUITA","OCCIDENTAL DE COLOMBIA LLC","COSECHA","FINN",3229,2761,2768,2505,2287,2074,1374,564
"ARAUCA","ARAUCA","OCCIDENTAL DE COLOMBIA LLC","CHIPIRON","GALEMBO",106,105,104,99,91,82,82,64
"ARAUCA","ARAUQUITA","OCCIDENTAL DE COLOMBIA LLC","COSECHA","GOLONDRINA",40,38,41,1,4,29,40,38
"ARAUCA","ARAUQUITA","OCCIDENTAL DE COLOMBIA LLC","CHIPIRON","JIBA",46,2,6,15,17,42,42,42
"ARAUCA","ARAUQUITA","OCCIDENTAL DE COLOMBIA LLC","CHIPIRON","JIBA UNIFICADO",293,370,361,303,318,356,341,329
"ARAUCA","ARAUCA","OCCIDENTAL DE COLOMBIA LLC","CHIPIRON","MACANA",171,164,139,141,142,143,142,143
"ARAUCA","ARAUCA","OCCIDENTAL DE COLOMBIA LLC","CRAVO NORTE","REDONDO",56,0,0,0,0,0,0,0
"ARAUCA","ARAUQUITA","OCCIDENTAL DE COLOMBIA LLC","CRAVO NORTE","REDONDO",745,962,948,836,1153,1100,1006,922
"ARAUCA","ARAUQUITA","OCCIDENTAL DE COLOMBIA LLC","CRAVO NORTE","REDONDO ESTE",56,56,55,52,46,47,46,46
"ARAUCA","ARAUQUITA","OCCIDENTAL DE COLOMBIA LLC","COSECHA","REX",221,182,188,208,200,171,174,169
"ARAUCA","ARAUQUITA","OCCIDENTAL DE COLOMBIA LLC","COSECHA","REX NE",7188,6722,7531,8365,11614,12930,13255,13028
"ARAUCA","ARAUQUITA","OCCIDENTAL DE COLOMBIA LLC","COSECHA","TERECAY",1276,1199,1214,1206,1262,1252,1433,2162
"ATLANTICO","SABANALARGA","LEWIS ENERGY COLOMBIA INC","SSJN-1","BULLERENGUE",596,575,559,549,540,532,515,513
"BOLIVAR","TALAIGUA NUEVO","HOCOL S.A.","CICUCO BOQUETE","BOQUETE",61,99,71,53,75,73,73,66
"BOLIVAR","CICUCO","HOCOL S.A.","CICUCO BOQUETE","CICUCO",345,338,369,328,340,333,305,311
"BOLIVAR","TALAIGUA NUEVO","HOCOL S.A.","CICUCO BOQUETE","CICUCO",187,199,223,224,234,235,246,232
"BOLIVAR","CANTAGALLO","ECOPETROL S.A.","MAGDALENA MEDIO","YARIGUI-CANTAGALLO",15745,15911,17083,17009,16534,15458,14811,12992
"BOYACA","PUERTO BOYACA","MANSAROVAR ENERGY COLOMBIA LTD","NARE","ABARCO",2958,2842,2823,2976,2774,2553,2659,2734
"BOYACA","TOPAGA","UNION TEMPORAL OMEGA ENERGY","BUENAVISTA","BOLIVAR",36,36,36,35,35,34,35,35
"BOYACA","PUERTO BOYACA","ECOPETROL S.A.","PALAGUA","CAIPAL",597,597,539,538,589,564,572,546
"BOYACA","CORRALES","UNION TEMPORAL OMEGA ENERGY","BUENAVISTA","CORRALES",192,181,200,189,180,115,140,113
"BOYACA","PUERTO BOYACA","MANSAROVAR ENERGY COLOMBIA LTD","NARE","GIRASOL",2474,2470,2672,2595,2687,2448,2307,2530
"BOYACA","PUERTO BOYACA","MANSAROVAR ENERGY COLOMBIA LTD","NARE","JAZMIN",3443,3346,3479,3271,3196,3013,2699,2844
"BOYACA","SAN LUIS DE GACENO","NIKOIL ENERGY CORP","CONDOR","MEDINA",51,42,30,37,16,0,0,40
"BOYACA","PUERTO BOYACA","MANSAROVAR ENERGY COLOMBIA LTD","NARE","MORICHE",9715,9979,9502,9416,9641,9643,9570,9001
"BOYACA","PUERTO BOYACA","ECOPETROL S.A.","PALAGUA","PALAGUA",6960,6884,6780,6593,6678,6616,6616,6461
"BOYACA","PUERTO BOYACA","TPL COLOMBIA LTD - SUCURSAL COLOMBIA","TURPIAL","TURPIAL",273,171,142,126,105,168,131,127
"BOYACA","PUERTO BOYACA","MANSAROVAR ENERGY COLOMBIA LTD","NARE","UNDERRIVER",1079,1083,1038,1180,1254,1112,894,1019
"BOYACA","PUERTO BOYACA","MANSAROVAR ENERGY COLOMBIA LTD","GUAGUAQUI - TERAN","VELASQUEZ",2960,3216,3279,3075,3054,2930,2920,2880
"CASANARE","PAZ DE ARIPORO","PERENCO COLOMBIA LIMITED","ESTERO","ABEJAS",686,716,722,704,698,670,639,647
"CASANARE","SAN LUIS DE PALENQUE","PAREX RESOURCES COLOMBIA LTD. SUCURSAL","LLA 30","ADALIA",368,355,352,48,0,51,369,322
"CASANARE","VILLA NUEVA","PAREX RESOURCES COLOMBIA LTD. SUCURSAL","CABRESTERO","AKIRA",1920,2547,2118,1854,1095,1364,1585,1574
"CASANARE","OROCUE","OIRU CORPORATION","NASHIRA","ALEPE",169,157,157,157,163,166,164,164
"CASANARE","OROCUE","OIRU CORPORATION","NASHIRA","ALVA SUR",33,34,34,33,31,29,26,25
"CASANARE","PAZ DE ARIPORO","TABASCO OIL COMPANY LLC","JAGUEYES 3432-B","ANDALUZ",87,81,29,0,0,0,0,0
"CASANARE","OROCUE","Frontera Energy Colombia Corp Sucursal Colombia","CACHICAMO","ANDARRIOS",53,51,51,50,47,48,48,42
"CASANARE","SAN LUIS DE PALENQUE","Frontera Energy Colombia Corp Sucursal Colombia","CUBIRO","ARAUCO",47,53,57,49,0,0,2,48
"CASANARE","TRINIDAD","LEWIS ENERGY COLOMBIA INC","GUACHIRIA SUR","AZAFRAN",516,478,346,1,0,0,0,0
"CASANARE","TAURAMENA","VERANO ENERGY (BARBADOS) LIMITED","LLA 32","AZOGUE",1979,1817,1421,1209,31,0,0,721
"CASANARE","PAZ DE ARIPORO","Frontera Energy Colombia Corp Sucursal Colombia","ARRENDAJO","AZOR",161,154,150,149,143,144,142,136
"CASANARE","VILLA NUEVA","PAREX RESOURCES COLOMBIA LTD. SUCURSAL","CABRESTERO","BACANO",3403,3124,2614,2781,1433,2263,2845,3075
"CASANARE","SAN LUIS DE PALENQUE","PERENCO COLOMBIA LIMITED","CASANARE","BARQUERE—A",179,138,216,228,256,257,208,242
"CASANARE","OROCUE","Frontera Energy Colombia Corp Sucursal Colombia","CRAVOVIEJO","BASTIDAS",341,419,413,407,444,449,438,246
"CASANARE","PAZ DE ARIPORO","PAREX RESOURCES COLOMBIA LTD. SUCURSAL","LLA 40","BEGONIA",283,282,226,0,0,0,0,0
"CASANARE","YOPAL","COLOMBIA ENERGY DEVELOPMENT CO","RIO VERDE","BORAL",12,6,0,21,0,53,491,591
"CASANARE","MANI","EMERALD ENERGY PLC SUCURSAL COLOMBIA","CAMPO RICO","CAMPO RICO",366,364,362,363,369,360,291,278
"CASANARE","OROCUE","COLOMBIA ENERGY DEVELOPMENT CO","ALCARAVAN","CANACABARE",875,835,710,695,334,494,657,566
"CASANARE","MONTERREY","Frontera Energy Colombia Corp Sucursal Colombia","CANAGUARO","Canaguay",224,262,273,244,0,0,158,279
"CASANARE","TAURAMENA","Frontera Energy Colombia Corp Sucursal Colombia","CANAGUARO","Canaguay",334,297,208,0,0,0,0,0
"CASANARE","OROCUE","PERENCO COLOMBIA LIMITED","GARCERO","CANDALAY",31,33,169,131,23,114,78,80
"CASANARE","SAN LUIS DE PALENQUE","PERENCO COLOMBIA LIMITED","COROCORA","CA—O GANDUL",184,181,184,174,188,176,191,197
"CASANARE","PAZ DE ARIPORO","PERENCO COLOMBIA LIMITED","CASANARE","CA—O GARZA",188,148,122,97,83,104,107,105
"CASANARE","PAZ DE ARIPORO","PERENCO COLOMBIA LIMITED","CASANARE","CA—O GARZA ESTE",124,128,100,124,132,127,131,117
"CASANARE","PAZ DE ARIPORO","PERENCO COLOMBIA LIMITED","CASANARE","CA—O GARZA NORTE",118,112,111,115,118,105,102,109
"CASANARE","SAN LUIS DE PALENQUE","Frontera Energy Colombia Corp Sucursal Colombia","CUBIRO","CARETO",152,143,152,147,0,0,32,127
"CASANARE","TAURAMENA","VERANO ENERGY (BARBADOS) LIMITED","LLA 32","CARMENTEA",125,124,93,326,207,0,188,331
"CASANARE","OROCUE","Frontera Energy Colombia Corp Sucursal Colombia","CRAVOVIEJO","CARRIZALES",372,296,249,227,264,215,163,136
"CASANARE","PORE","PERENCO OIL AND GAS COLOMBIA LIMITED.","YAMU","CARUPANA",306,240,205,168,111,185,80,172
"CASANARE","VILLA NUEVA","Frontera Energy Colombia Corp Sucursal Colombia","CORCEL","CARUTO",238,228,220,217,219,213,209,210
"CASANARE","OROCUE","Frontera Energy Colombia Corp Sucursal Colombia","MAPACHE","CASTA—A",154,143,121,83,0,0,0,0
"CASANARE","MANI","EMERALD ENERGY PLC SUCURSAL COLOMBIA","CAMPO RICO","CENTAURO SUR",97,94,84,83,61,80,46,22
"CASANARE","TAURAMENA","GEOPARK COLOMBIA S.A.S.","LLA 34","CHACHALACA",113,107,47,0,0,0,0,0
"CASANARE","PAZ DE ARIPORO","PERENCO COLOMBIA LIMITED","ESTERO","CHAPARRITO",242,237,239,240,231,225,172,0
"CASANARE","TAURAMENA","GEOPARK COLOMBIA S.A.S.","LLA 34","CHIRICOCA",3161,2084,998,736,595,510,444,233
"CASANARE","OROCUE","Frontera Energy Colombia Corp Sucursal Colombia","CACHICAMO","CIRIGUELO",141,112,108,117,108,100,125,116
"CASANARE","SAN LUIS DE PALENQUE","Frontera Energy Colombia Corp Sucursal Colombia","CUBIRO","COPA",1553,1441,1549,1432,59,0,1063,1388
"CASANARE","SAN LUIS DE PALENQUE","Frontera Energy Colombia Corp Sucursal Colombia","CUBIRO","COPA A NORTE",924,884,788,763,12,0,657,733
"CASANARE","SAN LUIS DE PALENQUE","Frontera Energy Colombia Corp Sucursal Colombia","CUBIRO","COPA A SUR",177,163,240,224,3,0,151,203
"CASANARE","SAN LUIS DE PALENQUE","Frontera Energy Colombia Corp Sucursal Colombia","CUBIRO","COPA B",150,153,141,141,1,0,84,107
"CASANARE","SAN LUIS DE PALENQUE","Frontera Energy Colombia Corp Sucursal Colombia","CUBIRO","COPA C",180,164,162,90,0,0,75,89
"CASANARE","SAN LUIS DE PALENQUE","Frontera Energy Colombia Corp Sucursal Colombia","CUBIRO","COPA D",395,416,341,410,0,0,291,389
"CASANARE","TRINIDAD","PERENCO COLOMBIA LIMITED","COROCORA","COREN",1258,1284,1200,1236,1215,1141,1139,1090
"CASANARE","TRINIDAD","PERENCO COLOMBIA LIMITED","COROCORA","COROCORA",723,692,661,698,719,680,671,618
"CASANARE","TRINIDAD","PERENCO COLOMBIA LIMITED","COROCORA","CORSUR",78,74,164,236,206,218,228,196
"CASANARE","SAN LUIS DE PALENQUE","PERENCO COLOMBIA LIMITED","CASANARE","CRAVO ESTE",482,457,468,457,442,408,440,420
"CASANARE","PAZ DE ARIPORO","PERENCO OIL AND GAS COLOMBIA LIMITED.","LA CUERVA","CUERVA NORESTE",19,16,11,1,0,11,10,11
"CASANARE","PAZ DE ARIPORO","PERENCO OIL AND GAS COLOMBIA LIMITED.","LA CUERVA","CUERVA OESTE",439,401,374,367,335,349,374,328
"CASANARE","PAZ DE ARIPORO","PERENCO OIL AND GAS COLOMBIA LIMITED.","LA CUERVA","CUERVA SUR",143,140,144,145,146,134,132,140
"CASANARE","AGUAZUL","ECOPETROL S.A.","ECOP-SDLA-OP-DIRECTA","CUPIAGUA",5232,4843,5068,4758,4784,5078,4641,4661
"CASANARE","AGUAZUL","ECOPETROL S.A.","RECETOR","CUPIAGUA LIRIA",2363,2297,2213,2166,2161,2247,2326,2236
"CASANARE","AGUAZUL","ECOPETROL S.A.","ECOP-SDLA-OP-DIRECTA","CUPIAGUA SUR",1372,1420,1193,1430,1435,1334,1453,1320
"CASANARE","OROCUE","INVEPETROL LIMITED COLOMBIA","CASANARE ESTE","CURITO",112,133,129,122,89,125,125,139
"CASANARE","SAN LUIS DE PALENQUE","INVEPETROL LIMITED COLOMBIA","CASANARE ESTE","CURITO",99,118,114,108,79,111,111,123
"CASANARE","VILLA NUEVA","GEOPARK COLOMBIA S.A.S.","LLA 34","CURUCUCU",226,219,136,0,0,0,0,0
"CASANARE","TAURAMENA","ECOPETROL S.A.","RIO CHITAMENA","CUSIANA",883,1187,1091,1125,1090,1034,1013,859
"CASANARE","TAURAMENA","ECOPETROL S.A.","TAURAMENA","CUSIANA",703,624,612,646,702,682,770,702
"CASANARE","AGUAZUL","ECOPETROL S.A.","CUSIANA NORTE","CUSIANA NORTE",656,601,508,501,535,478,355,427
"CASANARE","OROCUE","CARRAO ENERGY S.A. SUCURSAL COLOMIBA","LLA 23","DANES",235,202,0,0,0,0,0,0
"CASANARE","PAZ DE ARIPORO","NEW GRANADA ENERGY CORPORATION SUCURSAL COLOMBIA","DOROTEA","DOROTEA B",1510,1486,1545,1572,1534,1557,1484,1456
"CASANARE","MANI","PETROLEOS SUD AMERICANOS SUCURSAL COLOMBIA","ENTRERRIOS","ENTRERRIOS",37,337,334,327,314,61,0,0
"CASANARE","MANI","COLOMBIA ENERGY DEVELOPMENT CO","ALCARAVAN","ESTERO",333,78,77,77,25,78,79,79
"CASANARE","MANI","OMNIA.ENERGY INC. SUCURSAL COLOMBIA EN REORGANIZACION","LLA 27","FLAMI",78,280,227,0,0,0,14,4
"CASANARE","YOPAL","EQUION ENERGIA LIMITED","PIEDEMONTE","FLORE—A",277,3839,0,0,0,0,0,0
"CASANARE","YOPAL","EQUION ENERGIçA LIMITED","PIEDEMONTE","FLORE—A MIRADOR",3671,2855,0,0,0,0,0,0
"CASANARE","OROCUE","Frontera Energy Colombia Corp Sucursal Colombia","CACHICAMO","GRETA OTO",2579,137,136,134,124,130,132,122
"CASANARE","OROCUE","Frontera Energy Colombia Corp Sucursal Colombia","CACHICAMO","GUACHARACA",140,502,459,395,356,349,339,324
"CASANARE","VILLA NUEVA","GEOPARK COLOMBIA S.A.S.","LLA 34","GUACO",547,350,195,0,0,0,303,327
"CASANARE","OROCUE","PERENCO COLOMBIA LIMITED","ESTERO","GUANAPALO",382,44,26,13,87,0,0,0
"CASANARE","OROCUE","PERENCO COLOMBIA LIMITED","OROCUE","GUARILAQUE",74,804,817,795,783,788,698,784
"CASANARE","MANI","PETROLEOS SUD AMERICANOS SUCURSAL COLOMBIA","RIO META","GUARIMENA",823,147,151,150,150,143,150,150
"CASANARE","MONTERREY","PERENCO COLOMBIA LIMITED","BALAY","BALAY",147,0,0,0,0,0,0,0
"CASANARE","OROCUE","PERENCO COLOMBIA LIMITED","GARCERO","GUASAR",7.81,231,231,239,91,66,56,94
"CASANARE","OROCUE","Frontera Energy Colombia Corp Sucursal Colombia","CACHICAMO","HOATZIN",230,84,84,82,66,80,75,67
"CASANARE","OROCUE","Frontera Energy Colombia Corp Sucursal Colombia","CACHICAMO","HOATZIN NORTE",86,171,171,164,162,157,153,144
"CASANARE","VILLA NUEVA","GEOPARK COLOMBIA S.A.S.","LLA 34","JACAMAR",169,31,19,0,0,0,0,0
"CASANARE","VILLA NUEVA","GEOPARK COLOMBIA S.A.S.","LLA 34","JACANA",34,27510,29643,26851,23548,22051,23871,24764
"CASANARE","TAURAMENA","CEPSA COLOMBIA S.A.","GARIBAY","JILGUERO",26366,234,200,0,0,0,0,0
"CASANARE","TAURAMENA","CEPSA COLOMBIA S.A.","TIPLE","JILGUERO SUR",241,196,162,0,0,0,0,0
"CASANARE","OROCUE","PERENCO COLOMBIA LIMITED","GARCERO","JORCAN",194,52,57,56,56,64,62,60
"CASANARE","OROCUE","PERENCO COLOMBIA LIMITED","GARCERO","JORDAN",43,472,393,230,210,232,218,218
"CASANARE","OROCUE","VETRA EXPLORACION Y PRODUCCION COLOMBIA S.A.S. ANTES PETROTESTING COLOMBIA","LA PUNTA","JUAPE",484,86,80,76,0,0,0,0
"CASANARE","TAURAMENA","VERANO ENERGY (BARBADOS) LIMITED","LLA 32","KANANASKIS",100,576,480,99,0,388,236,110
"CASANARE","PORE","PAREX RESOURCES COLOMBIA LTD. SUCURSAL","LLA 16","KONA",556,293,236,0,0,0,0,0
"CASANARE","SAN LUIS DE PALENQUE","PERENCO COLOMBIA LIMITED","CASANARE","LA FLORA",338,264,261,255,264,244,278,261
"CASANARE","AGUAZUL","PERENCO COLOMBIA LIMITED","CASANARE","LA GLORIA",273,389,366,293,229,241,238,234
"CASANARE","MANI","PERENCO COLOMBIA LIMITED","CASANARE","LA GLORIA",334,260,261,261,250,258,267,262
"CASANARE","YOPAL","PERENCO COLOMBIA LIMITED","CASANARE","LA GLORIA NORTE",268,472,415,371,365,380,431,461
"CASANARE","MANI","HOCOL S.A.","LA PUNTA","LA PUNTA",424,758,861,816,0,0,0,50
"CASANARE","OROCUE","CARRAO ENERGY S.A. SUCURSAL COLOMIBA","LLA 23","LABRADOR",669,390,384,157,314,305,27,2
"CASANARE","SAN LUIS DE PALENQUE","PAREX RESOURCES COLOMBIA LTD. SUCURSAL","LOS OCARROS","LAS MARACAS",382,365,446,47,0,0,0,0
"CASANARE","PAZ DE ARIPORO","NEW GRANADA ENERGY CORPORATION SUCURSAL COLOMBIA","LEONA","LEONA B",351,112,111,109,105,100,97,95
"CASANARE","YOPAL","PERENCO COLOMBIA LIMITED","CASANARE","TOCARIA",115,190,161,164,165,166,155,159
"CASANARE","PAZ DE ARIPORO","NEW GRANADA ENERGY CORPORATION SUCURSAL COLOMBIA","LEONA","LEONA B NORTE",193,32,30,30,35,34,33,32
"CASANARE","PAZ DE ARIPORO","NEW GRANADA ENERGY CORPORATION SUCURSAL COLOMBIA","LEONA","LEONA B SUR",36,10,10,10,11,12,12,11
"CASANARE","PAZ DE ARIPORO","NEW GRANADA ENERGY CORPORATION SUCURSAL COLOMBIA","LEONA","LEONA C",10,29,29,28,28,29,27,26
"CASANARE","SAN LUIS DE PALENQUE","CARRAO ENERGY S.A. SUCURSAL COLOMIBA","LLA 23","LEONO",30,122,102,9,0,0,0,0
"CASANARE","TRINIDAD","LEWIS ENERGY COLOMBIA INC","GUACHIRIA","LOS ACEITES",124,78,57,0,0,0,0,0
"CASANARE","MANI","COLOMBIA ENERGY DEVELOPMENT CO","LOS HATOS","LOS HATOS",82,46,47,41,17,48,49,46
"CASANARE","YOPAL","EMERALD ENERGY PLC SUCURSAL COLOMBIA","CAMPO RICO","LOS POTROS",47,4,0,0,0,0,0,0
"CASANARE","MANI","CEPSA COLOMBIA S.A.","PUNTERO","MANATUS",118,118,99,0,0,0,0,0
"CASANARE","MANI","Frontera Energy Colombia Corp Sucursal Colombia","CASIMENA","MANTIS",116,283,282,227,0,0,224,401
"CASANARE","YOPAL","COLOMBIA ENERGY DEVELOPMENT CO","RIO VERDE","MARSUPIAL",289,0,0,0,0,0,0,0
"CASANARE","OROCUE","Frontera Energy Colombia Corp Sucursal Colombia","CRAVOVIEJO","MATEMARRANO",0,19,0,0,0,0,0,0
"CASANARE","OROCUE","LAS QUINCHAS RESOURCE CORP SURCURSAL COLOMBIA","MORICHE","MAURITIA ESTE",62,89,61,0,0,0,0,0
"CASANARE","OROCUE","LAS QUINCHAS RESOURCE CORP SURCURSAL COLOMBIA","MORICHE","MAURITIçA NORTE",89,1083,1039,979,808,903,844,863
"CASANARE","TAURAMENA","GEOPARK COLOMBIA S.A.S.","LLA 34","MAX",1080,261,170,0,0,0,0,0
"CASANARE","TAURAMENA","CEPSA COLOMBIA S.A.","GARIBAY","MELERO",261,98,88,0,0,0,0,0
"CASANARE","YOPAL","PERENCO COLOMBIA LIMITED","CASANARE","MORICHAL",88,188,183,176,172,176,166,161
"CASANARE","OROCUE","OIRU CORPORATION","NASHIRA","NASHIRA NORTE",192,586,590,559,582,597,573,592
"CASANARE","PAZ DE ARIPORO","SUELOPETROL, C.A. SUCURSAL COLOMBIA","LLA 61","OMI",581,106,109,88,0,72,124,103
"CASANARE","MANI","CEPSA COLOMBIA S.A.","PUNTERO","ONCA",109,234,228,0,0,0,0,0
"CASANARE","OROCUE","PERENCO COLOMBIA LIMITED","OROPENDOLA","OROPENDOLA",238,249,246,235,223,238,236,244
"CASANARE","TRINIDAD","PERENCO COLOMBIA LIMITED","GARCERO","PALMARITO",220,148,157,168,122,144,158,150
"CASANARE","SAN LUIS DE PALENQUE","CARRAO ENERGY S.A. SUCURSAL COLOMIBA","LLA 23","PANTRO",180,8,8,10,7,9,6,7
"CASANARE","OROCUE","PERENCO COLOMBIA LIMITED","GARCERO","PARAVARE",11,126,76,117,123,132,123,133
"CASANARE","YOPAL","EQUION ENERGIçA LIMITED","PIEDEMONTE","PAUTO SUR",132,23464,0,0,0,0,0,0
"CASANARE","YOPAL","ECOPETROL S.A.","RECETOR","PAUTO SUR RECETOR",23898,530,516,496,499,364,207,521
"CASANARE","TRINIDAD","Frontera Energy Colombia Corp Sucursal Colombia","CUBIRO","PETIRROJO",569,40,41,9,0,0,0,0
"CASANARE","SAN LUIS DE PALENQUE","Frontera Energy Colombia Corp Sucursal Colombia","CUBIRO","PETIRROJO SUR",41,66,61,15,0,0,0,0
"CASANARE","OROCUE","PERENCO COLOMBIA LIMITED","GARCERO","PIRITO",72,62,40,61,52,23,22,25
"CASANARE","MANI","Frontera Energy Colombia Corp Sucursal Colombia","CASIMENA","PISINGO",64,531,529,452,0,0,480,546
"CASANARE","PORE","PERENCO OIL AND GAS COLOMBIA LIMITED.","YAMU","POTRILLO",533,52,28,0,0,5,32,41
"CASANARE","TRINIDAD","LEWIS ENERGY COLOMBIA INC","GUACHIRIçA","PRIMAVERA",53,40,32,0,0,0,0,0
"CASANARE","AGUAZUL","CEPSA COLOMBIA S.A.","LLA 22","RAMIRIQUI",40,1326,1253,1126,1005,928,862,786
"CASANARE","OROCUE","CANACOL ENERGY COLOMBIA SAS","RANCHO HERMOSO","RANCHO HERMOSO",1236,778,792,746,598,602,617,819
"CASANARE","YOPAL","CANACOL ENERGY COLOMBIA SAS","RANCHO HERMOSO","RANCHO HERMOSO",778,195,195,192,189,147,139,368
"CASANARE","SAN LUIS DE PALENQUE","PERENCO COLOMBIA LIMITED","COROCORA","REMACHE NORTE",195,302,320,297,245,313,310,320
"CASANARE","SAN LUIS DE PALENQUE","PERENCO COLOMBIA LIMITED","COROCORA","REMACHE SUR",303,185,190,192,203,200,221,200
"CASANARE","OROCUE","PETROLEOS COLOMBIANOS SA","TAPIR","RIO CRAVO ESTE",192,385,375,300,0,18,14,15
"CASANARE","AGUAZUL","PAREX RESOURCES COLOMBIA LTD. SUCURSAL","LLA 26","RUMBA",398,1762,1634,1328,0,0,840,1280
"CASANARE","OROCUE","Frontera Energy Colombia Corp Sucursal Colombia","CRAVOVIEJO","SAIMIRI",1666,135,163,196,223,229,225,229
"CASANARE","MANI","HOCOL S.A.","UPIA","SANTIAGO",141,543,566,536,0,0,0,0
"CASANARE","OROCUE","VETRA EXPLORACION Y PRODUCCION COLOMBIA S.A.S. ANTES PETROTESTING COLOMBIA","LA PUNTA","SANTO DOMINGO",546,342,343,333,0,0,0,4
"CASANARE","OROCUE","PERENCO COLOMBIA LIMITED","GARCERO","SARDINAS",331,717,739,752,692,778,758,753
"CASANARE","TRINIDAD","PERENCO COLOMBIA LIMITED","GARCERO","SIRENAS",757,30,4,0,0,1,1,0
"CASANARE","TAURAMENA","GEOPARK COLOMBIA S.A.S.","LLA 34","TARO TARO",24,396,267,0,0,0,124,288
"CASANARE","TAURAMENA","GEOPARK COLOMBIA S.A.S.","LLA 34","TIGANA",399,36756,35999,33588,28047,32175,31397,31560
"CASANARE","SAN LUIS DE PALENQUE","Frontera Energy Colombia Corp Sucursal Colombia","CUBIRO","TIJERETO",34987,67,61,13,0,0,0,0
"CASANARE","TAURAMENA","GEOPARK COLOMBIA S.A.S.","LLA 34","TILO",53,382,234,0,0,0,8,333
"CASANARE","YOPAL","COLOMBIA ENERGY DEVELOPMENT CO","RIO VERDE","TILODIRAÅN",355,1411,1117,933,489,719,797,1022
"CASANARE","TRINIDAD","PERENCO COLOMBIA LIMITED","ESTERO","TOROS",1450,36,36,34,34,37,33,31
"CASANARE","TRINIDAD","PERENCO COLOMBIA LIMITED","YALEA","TRINIDAD",35,539,523,485,493,549,504,521
"CASANARE","TAURAMENA","GEOPARK COLOMBIA S.A.S.","LLA 34","TUA",521,4206,3820,3869,269,1879,3110,3217
"CASANARE","TRINIDAD","LEWIS ENERGY COLOMBIA INC","GUACHIRIA SUR","TULIPAN",4319,123,75,4,0,0,0,0
"CASANARE","YOPAL","EMERALD ENERGY PLC SUCURSAL COLOMBIA","CAMPO RICO","VIGIA",128,415,434,410,311,398,407,401
"CASANARE","OROCUE","EMERALD ENERGY PLC SUCURSAL COLOMBIA","CAMPO RICO","VIGIA SUR",412,1866,1829,1803,1740,1762,1774,1750
"CASANARE","OROCUE","INTEROIL COLOMBIA EXPLORATION AND PRODUCTION","LLA 47","VIKINGO",1903,185,210,188,28,0,151,204
"CASANARE","OROCUE","PERENCO COLOMBIA LIMITED","OROPENDOLA","VIREO",134,103,102,114,112,121,114,108
"CASANARE","YOPAL","ECOPETROL S.A.","RECETOR","VOLCANERA",152,9,7,0,0,0,0,0
"CASANARE","PAZ DE ARIPORO","Frontera Energy Colombia Corp Sucursal Colombia","ARRENDAJO","YAGUAZO",10,1022,999,973,944,956,945,927
"CASANARE","PAZ DE ARIPORO","PERENCO OIL AND GAS COLOMBIA LIMITED.","YAMU","YAMU",1061,45,44,6,37,42,35,22
"CASANARE","OROCUE","Frontera Energy Colombia Corp Sucursal Colombia","CRAVOVIEJO","ZOPILOTE",42,1260,1212,826,714,699,694,611
"CAUCA","PIAMONTE","GRAN TIERRA ENERGY COLOMBIA LTD","GUAYUYACO","GUAYUYACO",1244,384,401,0,0,0,0,0
"CAUCA","PIAMONTE","GRAN TIERRA ENERGY COLOMBIA LTD","SANTANA","MARY",395,130,108,0,0,0,0,0
"CAUCA","PIAMONTE","GRAN TIERRA ENERGY COLOMBIA LTD","SANTANA","MIRAFLOR",130,212,43,0,0,0,0,0
"CESAR","SAN MARTIN","GRAN TIERRA ENERGY COLOMBIA LTD","MIDAS","ACORDIONERO",237,14737,13153,11488,10598,10243,10309,9598
"CESAR","SAN MARTIN","ECOPETROL S.A.","TISQUIRAMA","CARONTE",14709,26,12,0,0,0,0,0
"CESAR","RIO DE ORO","GRAN TIERRA ENERGY COLOMBIA LTD","MIDAS","CHUIRA",31,203,212,211,138,172,175,176
"CESAR","RIO DE ORO","GRAN TIERRA ENERGY COLOMBIA LTD","TISQUIRAMA B","LOS ANGELES",194,595,287,0,0,0,0,0
"CESAR","AGUACHICA","CARRAO ENERGY S.A. SUCURSAL COLOMIBA","VMM 2","MONO ARA—A",590,369,310,0,0,0,0,263
"CESAR","AGUACHICA","CARRAO ENERGY S.A. SUCURSAL COLOMIBA","SANTA ISABEL","OSO PARDO",415,122,61,0,0,0,0,0
"CESAR","RIO DE ORO","PAREX RESOURCES COLOMBIA LTD. SUCURSAL","FORTUNA","PIMIENTO",126,4,0,0,0,0,0,0
"CESAR","RIO DE ORO","GRAN TIERRA ENERGY COLOMBIA LTD","TISQUIRAMA B","QUERUBIN",1,72,43,0,0,0,0,0
"CESAR","SAN MARTIN","ECOPETROL S.A.","TISQUIRAMA","SAN ROQUE",86,1234,1453,1301,1174,1301,1397,1360
"CESAR","SAN ALBERTO","GRAN TIERRA ENERGY COLOMBIA LTD","TISQUIRAMA-A","SANTA LUCIA",1248,222,108,0,0,0,0,0
"CESAR","SAN MARTIN","ECOPETROL S.A.","TISQUIRAMA","TISQUIRAMA",224,1861,1865,1795,1754,1654,1664,1538
"CESAR","RIO DE ORO","PAREX RESOURCES COLOMBIA LTD. SUCURSAL","FORTUNA","TOTUMAL",1916,19,0,0,7,0,0,0
"CESAR","RIO DE ORO","GRAN TIERRA ENERGY COLOMBIA LTD","TISQUIRAMA B","TRONOS",20,8,4,0,0,0,0,0
"CESAR","SAN MARTIN","GRAN TIERRA ENERGY COLOMBIA LTD","MIDAS","ZOE",8,3,0,0,4,0,3,0
"CORDOBA","PUEBLO NUEVO","GEOPRODUCTION OIL AND GAS COMPANY OF COLOMBIA","ESPERANZA","NELSON",3,0,0,0,0,0,0,0
"CUNDINAMARCA","GUADUAS","Frontera Energy Colombia Corp Sucursal Colombia","DINDAL","GUADUAS",0,125,125,124,111,105,106,109
"CUNDINAMARCA","PULI","HOCOL S.A.","PULI","PULI",127,53,53,54,0,0,0,0
"HUILA","BARAYA","HOCOL S.A.","HUILA","ANDALUCIA",1985,87,86,86,85,75,61,70
"HUILA","AIPE","ECOPETROL S.A.","PIJAO-POTRERILLO","ARRAYAÅN",85,1308,1309,1311,1168,1067,1004,932
"HUILA","AIPE","ECOPETROL S.A.","PALERMO","BALCON",1319,614,623,541,606,684,616,648
"HUILA","AIPE","ECOPETROL S.A.","PIJAO-POTRERILLO","BRISAS",664,251,266,283,292,283,269,272
"HUILA","NEIVA","ECOPETROL S.A.","PIJAO-POTRERILLO","CEBU",206,135,147,20,0,0,63,147
"HUILA","AIPE","ECOPETROL S.A.","PIJAO-POTRERILLO","DINA CRETACEOS",198,1122,1015,1013,923,923,877,840
"HUILA","AIPE","ECOPETROL S.A.","PIJAO-POTRERILLO","DINA NORTE",1241,449,447,464,445,449,428,415
"HUILA","AIPE","ECOPETROL S.A.","PIJAO-POTRERILLO","DINA TERCIARIOS",446,3017,3040,2986,2918,2939,2891,2938
"HUILA","NEIVA","ECOPETROL S.A.","CAGUAN","ESPINO",2685,20,14,14,14,15,14,15
"HUILA","GARZON","EMERALD ENERGY PLC SUCURSAL COLOMBIA","MATAMBO","GIGANTE",16,1311,1302,960,1245,422,1237,1236
"HUILA","PAICOL","HOCOL S.A.","RIO PAEZ","LA CA—ADA NORTE",1319,1732,1707,1646,1632,1610,1541,1478
"HUILA","TESALIA","HOCOL S.A.","RIO PAEZ","LA HOCHA",1299,988,985,933,942,980,950,940
"HUILA","NEIVA","ECOPETROL S.A.","CAMPOS TELLO Y LA JAGUA","LA JAGUA",927,54,53,50,49,55,49,49
"HUILA","VILLAVIEJA","ECOPETROL S.A.","PIJAO-POTRERILLO","LOMA LARGA",56,359,367,250,202,241,255,216
"HUILA","PALERMO","ECOPETROL S.A.","PALERMO","PALERMO",313,119,128,127,128,128,124,130
"HUILA","NEIVA","ECOPETROL S.A.","PIJAO-POTRERILLO","PALOGRANDE",117,944,992,978,853,925,1017,1056
"HUILA","NEIVA","ECOPETROL S.A.","PIJAO-POTRERILLO","PALOGRANDE HONDA",927,904,894,773,720,697,608,468
"HUILA","NEIVA","ECOPETROL S.A.","PIJAO-POTRERILLO","PIJAO POTRERILLO",677,91,78,12,0,0,54,41
"HUILA","NEIVA","ECOPETROL S.A.","CAGUAN","RIO CEIBAS",101,917,923,866,846,841,862,857
"HUILA","NEIVA","ECOPETROL S.A.","PALERMO","SAN FRANCISCO",785,2739,2463,2331,2236,2180,2142,2155
"HUILA","PALERMO","ECOPETROL S.A.","PALERMO","SAN FRANCISCO",2255,1496,1386,1466,1453,1399,1406,1460
"HUILA","PALERMO","ECOPETROL S.A.","SANTA CLARA","SANTA CLARA",1555,405,405,341,330,332,334,349
"HUILA","NEIVA","ECOPETROL S.A.","CAMPOS TELLO Y LA JAGUA","TELLO",412,4136,4181,4205,4155,3919,3618,3492
"HUILA","AIPE","ECOPETROL S.A.","PIJAO-POTRERILLO","TEMPRANILLO",4102,95,38,147,159,170,167,163
"HUILA","AIPE","ECOPETROL S.A.","PIJAO-POTRERILLO","TEMPRANILLO NORTE",185,145,158,153,172,161,162,161
"HUILA","AIPE","ECOPETROL S.A.","PIJAO-POTRERILLO","TENAY",102,173,117,146,160,166,166,161
"HUILA","YAGUARA","ECOPETROL S.A.","HOBO","YAGUARA",181,1622,1693,1605,1625,1570,1495,1497
"MAGDALENA","SANTA ANA","Frontera Energy Colombia Corp Sucursal Colombia","GUAMA","CAPURE",1722,2,2,1,0,0,0,0
"MAGDALENA","SANTA ANA","Frontera Energy Colombia Corp Sucursal Colombia","GUAMA","COTORRA",2,1,0,0,0,0,0,0
"MAGDALENA","ARIGUANI","PETROLEOS SUD AMERICANOS SUCURSAL COLOMBIA","EL DIFICIL","EL DIFIçCIL",1,92,100,117,112,109,111,113
"MAGDALENA","PLATO","PAREX RESOURCES COLOMBIA LTD. SUCURSAL","VIM 1","LA BELLEZA",133,664,0,0,0,0,0,0
"MAGDALENA","SANTA ANA","Frontera Energy Colombia Corp Sucursal Colombia","GUAMA","MANAMO",1054,1,2,1,0,0,0,0
"MAGDALENA","SANTA ANA","Frontera Energy Colombia Corp Sucursal Colombia","GUAMA","PEDERNALITO",0,2,2,1,0,0,0,0
"META","ACACIAS","ECOPETROL S.A.","CPO 9","AKACIAS",3,19681,20234,17047,2881,0,0,0
"META","GUAMAL","ECOPETROL S.A.","CPO 9","AKACIAS",20512,2421,2405,30,0,0,0,0
"META","PUERTO LOPEZ","Iberoamericana de Hidrocarburos CQ Exploracion y Produccion S.A.S.","VALDIVIA ALMAGRO","ALMAGRO",2414,638,614,609,595,586,554,546
"META","VILLAVICENCIO","ECOPETROL S.A.","APIAY","APIAY",656,2986,3443,2815,2683,2643,2547,2955
"META","VILLAVICENCIO","ECOPETROL S.A.","APIAY","APIAY ESTE",2989,385,345,394,392,364,379,377
"META","PUERTO GAITAN","TECPETROL COLOMBIA SAS","CPO 7","ATARRAYA",309,233,153,0,0,0,0,0
"META","VILLAVICENCIO","ECOPETROL S.A.","APIAY","AUSTRAL",235,206,117,127,256,338,338,279
"META","PUERTO GAITAN","NEW GRANADA ENERGY CORPORATION SUCURSAL COLOMBIA","CABIONA","CABIONA",221,565,562,560,563,553,550,544
"META","PUERTO GAITAN","Frontera Energy Colombia Corp Sucursal Colombia","QUIFA","CAJUA",567,2356,2406,1603,0,0,77,1396
"META","CABUYARO","Frontera Energy Colombia Corp Sucursal Colombia","GUATIQUIA","CANDELILLA",2085,2229,2148,2234,2197,1723,1588,1435
"META","PUERTO GAITAN","ECOPETROL S.A.","CA—O SUR","CA—O SUR ESTE",2500,5758,5557,5499,5208,5036,4826,4666
"META","PUERTO GAITAN","CEPSA COLOMBIA S.A.","CARACARA","CARACARA SUR A",5927,2180,2328,2381,2367,2314,2169,2256
"META","PUERTO GAITAN","CEPSA COLOMBIA S.A.","CARACARA","CARACARA SUR B Y C",2292,1851,1825,1739,1675,1567,1566,1544
"META","ACACIAS","ECOPETROL S.A.","CUBARRAL","CASTILLA",1861,169,137,164,157,140,138,159
"META","CASTILLA NUEVA","ECOPETROL S.A.","CUBARRAL","CASTILLA",176,67871,67289,66575,66018,66867,66554,65470
"META","CASTILLA NUEVA","ECOPETROL S.A.","CUBARRAL","CASTILLA ESTE",69187,112,111,100,130,167,192,138
"META","ACACIAS","ECOPETROL S.A.","CUBARRAL","CASTILLA NORTE",131,45270,46596,46091,44096,43501,42691,41935
"META","CASTILLA NUEVA","ECOPETROL S.A.","CUBARRAL","CASTILLA NORTE",44858,2918,3140,3262,3291,3422,3324,2865
"META","CABUYARO","Frontera Energy Colombia Corp Sucursal Colombia","GUATIQUIA","CEIBO",2747,6877,6140,5948,7142,7010,6423,7096
"META","ACACIAS","ECOPETROL S.A.","CUBARRAL","CHICHIMENE",7831,48330,50832,43321,42593,46005,50247,49554
"META","GUAMAL","ECOPETROL S.A.","CUBARRAL","CHICHIMENE",50433,872,808,840,878,918,787,685
"META","ACACIAS","ECOPETROL S.A.","CUBARRAL","CHICHIMENE SW",920,712,306,88,0,0,0,210
"META","GUAMAL","ECOPETROL S.A.","CUBARRAL","CHICHIMENE SW",388,20424,20359,0,16912,19345,18264,20188
"META","CABUYARO","Frontera Energy Colombia Corp Sucursal Colombia","CORCEL","COBRA",21176,170,172,177,187,125,173,184
"META","PUERTO GAITAN","Frontera Energy Colombia Corp Sucursal Colombia","CPE-6","COPLERO",171,0,0,0,0,0,0,0
"META","CABUYARO","Frontera Energy Colombia Corp Sucursal Colombia","GUATIQUIA","Coralillo",11,2198,2009,1947,1960,1980,1920,1854
"META","BARRANCA DE UPIA","Frontera Energy Colombia Corp Sucursal Colombia","CORCEL","CORCEL A",2196,189,187,182,155,152,135,119
"META","BARRANCA DE UPIA","Frontera Energy Colombia Corp Sucursal Colombia","CORCEL","CORCEL C",202,210,206,142,78,11,7,0
"META","CABUYARO","Frontera Energy Colombia Corp Sucursal Colombia","CORCEL","CORCEL D",210,93,91,15,46,85,82,82
"META","CABUYARO","Frontera Energy Colombia Corp Sucursal Colombia","CORCEL","CORCEL E",93,237,235,235,213,223,247,248
"META","PUERTO GAITAN","CEPSA COLOMBIA S.A.","CARACARA","ELIZITA",237,940,915,870,823,874,903,874
"META","BARRANCA DE UPIA","Frontera Energy Colombia Corp Sucursal Colombia","CORCEL","ESPADARTE",954,59,58,9,0,0,0,0
"META","VILLAVICENCIO","ECOPETROL S.A.","APIAY","GAVAN",60,1270,1108,1180,1281,1051,1245,1080
"META","PUERTO GAITAN","HOCOL S.A.","GUARROJO","GUARROJO",1329,1008,992,955,1006,1009,926,850
"META","VILLAVICENCIO","ECOPETROL S.A.","APIAY","GUATIQUIA",919,2108,1986,2110,2415,2384,2131,1993
"META","PUERTO GAITAN","Frontera Energy Colombia Corp Sucursal Colombia","CPE-6","HAMACA",1957,3708,3624,2826,0,0,1079,2709
"META","CABUYARO","ONGC VIDESH LIMITED SUCURSAL COLOMBIANA","CPO 5","INDICO",3267,4886,5128,5098,4839,5202,4849,5230
"META","PUERTO GAITAN","TECPETROL COLOMBIA SAS","CPO 13","La Pluma",4949,226,77,0,0,0,0,0
"META","VILLAVICENCIO","ECOPETROL S.A.","APIAY","LIBERTAD NORTE",224,134,128,145,149,128,191,179
"META","PUERTO LOPEZ","HUPECOL OPERATING CO LLC","LLA 58","LLANOS-58-4",165,838,413,0,0,0,0,0
"META","CABUYARO","ONGC VIDESH LIMITED SUCURSAL COLOMBIANA","CPO 5","MARIPOSA",868,2701,2689,2581,2393,1586,1602,1571
"META","PUERTO GAITAN","HOCOL S.A.","GUARROJO","OCELOTE",3119,9517,9753,9441,9174,8969,8849,8589
"META","PUERTO GAITAN","CEPSA COLOMBIA S.A.","CARACARA","PEGUITA",9907,1503,1634,1608,1632,1583,1660,1584
"META","PUERTO GAITAN","CEPSA COLOMBIA S.A.","CARACARA","PEGUITA II",1646,605,524,611,564,520,541,667
"META","PUERTO GAITAN","CEPSA COLOMBIA S.A.","CARACARA","PEGUITA III",575,1100,1030,932,924,973,960,959
"META","PUERTO GAITAN","CEPSA COLOMBIA S.A.","CARACARA","PEGUITA SW",1061,725,730,720,749,691,598,581
"META","PUERTO GAITAN","TECPETROL COLOMBIA SAS","CPO 13","PENDARE",804,3438,3610,3554,621,0,0,55
"META","PUERTO GAITAN","TECPETROL COLOMBIA SAS","CPO 13","Pendare Norte",2836,390,382,284,0,0,0,0
"META","PUERTO GAITAN","HOCOL S.A.","GUARROJO","PINTADO",410,1487,1421,1491,1385,1397,1366,1296
"META","VILLAVICENCIO","ECOPETROL S.A.","APIAY","POMPEYA",1570,22,22,35,43,39,53,66
"META","PUERTO GAITAN","Frontera Energy Colombia Corp Sucursal Colombia","QUIFA","QUIFA",22,44129,42606,39419,33878,33967,33641,32277
"META","PUERTO GAITAN","CEPSA COLOMBIA S.A.","CARACARA","RANCHO QUEMADO",44866,112,106,106,107,108,107,103
"META","PUERTO GAITAN","ECOPETROL S.A.","RUBIALES","RUBIALES",116,115914,105539,99942,101736,101487,107016,108641
"META","PUERTO GAITAN","Frontera Energy Colombia Corp Sucursal Colombia","SABANERO","SABANERO",116724,1230,1119,966,0,0,19,331
"META","VILLAVICENCIO","ECOPETROL S.A.","APIAY","SAURIO",1210,58,0,0,0,0,0,0
"META","VILLAVICENCIO","ECOPETROL S.A.","APIAY","SURIA",71,6195,6511,6006,5366,4637,4446,4317
"META","VILLAVICENCIO","ECOPETROL S.A.","APIAY","SURIA SUR",5846,1290,1328,1202,1143,988,1017,1121
"META","VILLAVICENCIO","ECOPETROL S.A.","APIAY","TANANE",1214,438,367,300,356,317,287,259
"META","PUERTO GAITAN","CEPSA COLOMBIA S.A.","CARACARA","TORO SENTADO",430,247,255,251,249,248,239,232
"META","PUERTO GAITAN","CEPSA COLOMBIA S.A.","CARACARA","TORO SENTADO NORTE",247,305,297,295,305,300,302,302
"META","PUERTO GAITAN","CEPSA COLOMBIA S.A.","CARACARA","TORO SENTADO WEST",303,86,88,87,80,81,80,80
"META","PUERTO GAITAN","CEPSA COLOMBIA S.A.","CARACARA","UNUMA",86,84,76,69,73,73,79,80
"META","PUERTO LOPEZ","Iberoamericana de Hidrocarburos CQ Exploracion y Produccion S.A.S.","VALDIVIA ALMAGRO","VALDIVIA ALMAGRO",82,278,279,272,271,268,266,266
"META","CABUYARO","Frontera Energy Colombia Corp Sucursal Colombia","GUATIQUIA","YATAY",280,0,0,0,0,0,0,0
"NARI—O","IPIALES","ECOPETROL S.A.","AREA OCCIDENTAL","SUCUMBIOS",75,246,192,0,0,0,0,0
"NORTE DE SANTANDER","SARDINATA","WATTLE PETROLEUM COMPANY S.A.S","CARBONERA","CERRO GORDO",258,0,0,0,0,0,0,0
"NORTE DE SANTANDER","CUCUTA","Iberoamericana de Hidrocarburos CQ Exploracion y Produccion S.A.S.","RIO ZULIA","RIO ZULIA",0,639,571,583,568,569,535,515
"NORTE DE SANTANDER","TIBU","ECOPETROL S.A.","TIBU","SARDINATA",637,97,112,82,95,86,11,72
"NORTE DE SANTANDER","TIBU","ECOPETROL S.A.","TIBU","TIBU",92,1977,2185,2274,2120,1939,1875,1791
"PUTUMAYO","SAN MIGUEL","ECOPETROL S.A.","AREA SUR","ACAE SAN MIGUEL",1697,1551,1574,1408,1399,1450,1482,1538
"PUTUMAYO","VILLAGARZON","EMERALD ENERGY PLC SUCURSAL COLOMBIA","MARANTA","AGAPANTO",1569,143,43,0,0,0,0,153
"PUTUMAYO","ORITO","ECOPETROL S.A.","AREA OCCIDENTAL","CARIBE",141,1128,1124,1108,1103,1097,1101,1072
"PUTUMAYO","ORITO","ECOPETROL S.A.","AREA OCCIDENTAL","CHURUYACO",1134,200,142,3,0,4,0,0
"PUTUMAYO","ORITO","ECOPETROL S.A.","AREA OCCIDENTAL","SUCIO",151,3,70,44,57,82,68,107
"PUTUMAYO","PUERTO ASIS","VETRA EXPLORACION Y PRODUCCION COLOMBIA S.A.S. ANTES PETROTESTING COLOMBIA","SURORIENTE","COHEMBI",0,3457,0,36,0,0,0,0
"PUTUMAYO","VILLAGARZON","GRAN TIERRA ENERGY COLOMBIA LTD","CHAZA","COSTAYACO",5985,6831,6479,6276,6030,5669,5293,4960
"PUTUMAYO","PUERTO ASIS","GRAN TIERRA ENERGY COLOMBIA LTD","PUT-7","CUMPLIDOR",7006,480,183,4,0,0,0,219
"PUTUMAYO","VALLE DEL GUAMUEZ","ECOPETROL S.A.","AREA SUR","HORMIGA",551,25,19,0,4,0,12,41
"PUTUMAYO","VILLAGARZON","GRAN TIERRA ENERGY COLOMBIA LTD","GUAYUYACO","JUANAMBU",26,459,445,0,0,0,0,181
"PUTUMAYO","SAN MIGUEL","ECOPETROL S.A.","AREA SUR","LORO",455,351,326,331,330,325,298,85
"PUTUMAYO","VALLE DEL GUAMUEZ","ECOPETROL S.A.","AREA SUR","LORO",350,327,176,51,47,174,204,210
"PUTUMAYO","PUERTO CAICEDO","ECOPETROL S.A.","NORORIENTE","MANSOYA",282,197,78,214,199,201,193,189
"PUTUMAYO","VILLAGARZON","EMERALD ENERGY PLC SUCURSAL COLOMBIA","MARANTA","MIRTO",200,374,185,0,0,0,0,248
"PUTUMAYO","MOCOA","GRAN TIERRA ENERGY COLOMBIA LTD","CHAZA","MOQUETA",397,2708,2776,2790,2755,1848,479,2990
"PUTUMAYO","ORITO","GRAN TIERRA ENERGY COLOMBIA LTD","NANCY-BURDINE-MAXINE","NANCY",2945,144,78,0,0,0,0,0
"PUTUMAYO","ORITO","ECOPETROL S.A.","ORITO","ORITO",145,1990,2060,1949,1892,1888,1688,1648
"PUTUMAYO","PUERTO ASIS","AMERISUR EXPLORACION COLOMBIA LTD","PLATANILLO","PLATANILLO",1999,3495,3369,2084,2596,2756,2614,775
"PUTUMAYO","PUERTO ASIS","VETRA EXPLORACION Y PRODUCCION COLOMBIA S.A.S. ANTES PETROTESTING COLOMBIA","SURORIENTE","QUILLACINGA",3522,390,0,22,0,0,0,0
"PUTUMAYO","PUERTO ASIS","VETRA EXPLORACION Y PRODUCCION COLOMBIA S.A.S. ANTES PETROTESTING COLOMBIA","SURORIENTE","QUINDE",812,230,174,3,0,0,0,0
"PUTUMAYO","ORITO","ECOPETROL S.A.","AREA OCCIDENTAL","SAN ANTONIO",298,79,60,0,0,0,0,0
"PUTUMAYO","MOCOA","GRAN TIERRA ENERGY COLOMBIA LTD","SANTANA","TOROYACO",127,207,179,1,0,0,0,0
"PUTUMAYO","VILLAGARZON","GRAN TIERRA ENERGY COLOMBIA LTD","PUT 1","VONU",213,348,316,267,242,63,0,0
"PUTUMAYO","PUERTO CAICEDO","ECOPETROL S.A.","NORORIENTE","YURILLA",366,178,30,0,0,0,0,147
"SANTANDER","CIMITARRA","LAS QUINCHAS RESOURCE CORP SURCURSAL COLOMBIA","LAS QUINCHAS","ACACIA ESTE",157,6,6,1,0,0,0,0
"SANTANDER","SIMACOTA","PAREX RESOURCES COLOMBIA LTD. SUCURSAL","AGUAS BLANCAS","AGUAS BLANCAS",6,217,227,492,0,0,96,180
"SANTANDER","CIMITARRA","COMPA—IA OPERADORA PETROCOLOMBIA S.A.S - COPP","OPON","ANGIE",216,81,76,80,76,71,68,66
"SANTANDER","SABANA DE TORRES","ECOPETROL S.A.","PLAYON","AULLADOR",93,319,304,269,253,276,298,296
"SANTANDER","RIONEGRO","ECOPETROL S.A.","PROVINCIA P NORTE","BONANZA",287,1634,1609,1555,1599,1554,1467,1437
"SANTANDER","RIONEGRO","PAREX RESOURCES COLOMBIA LTD. SUCURSAL","BORANDA","BORANDA",1649,424,409,388,0,0,71,383
"SANTANDER","RIONEGRO","GRAN TIERRA ENERGY COLOMBIA LTD","LA PALOMA","COLON",443,175,84,0,0,0,1,19
"SANTANDER","SABANA DE TORRES","PETROSANTANDER (COLOMBIA) INC.","CARARE LAS MONAS","CORAZON",153,29,29,29,29,29,30,24
"SANTANDER","SABANA DE TORRES","PETROSANTANDER (COLOMBIA) INC.","CARARE LAS MONAS","CORAZON WEST",31,172,171,170,173,171,169,88
"SANTANDER","PUERTO WILCHES","ECOPETROL S.A.","MAGDALENA MEDIO","GARZAS",170,200,198,205,186,165,196,130
"SANTANDER","BARRANCABERMEJA","ECOPETROL S.A.","LA CIRA INFANTAS","INFANTAS",169,12392,11795,11152,10276,9726,9107,9314
"SANTANDER","RIONEGRO","GRAN TIERRA ENERGY COLOMBIA LTD","LA PALOMA","JUGLAR",12368,241,115,0,0,0,0,6
"SANTANDER","BARRANCABERMEJA","ECOPETROL S.A.","LA CIRA INFANTAS","LA CIRA",250,29098,28792,27507,25145,22936,21383,21357
"SANTANDER","SAN VICENTE DE CHUCURI","ECOPETROL S.A.","LISAMA NUTRIA","LISAMA",29780,913,878,851,801,853,872,893
"SANTANDER","BARRANCABERMEJA","ECOPETROL S.A.","MAGDALENA MEDIO","LLANITO UNIFICADO",825,5087,5077,4491,4373,3800,4033,4353
"SANTANDER","SAN VICENTE DE CHUCURI","ECOPETROL S.A.","LISAMA NUTRIA","NUTRIA",5260,1076,1108,1013,1005,1026,985,965
"SANTANDER","CIMITARRA","COMPA—IA OPERADORA PETROCOLOMBIA S.A.S - COPP","OPON","OPON",1239,14,13,13,13,14,14,13
"SANTANDER","SABANA DE TORRES","PETROSANTANDER (COLOMBIA) INC.","CARARE LAS MONAS","PAYOA",14,499,479,435,447,425,430,438
"SANTANDER","SABANA DE TORRES","PETROSANTANDER (COLOMBIA) INC.","CARARE LAS MONAS","PAYOA WEST",500,5,0,0,0,0,0,0
"SANTANDER","SABANA DE TORRES","ECOPETROL S.A.","PROVINCIA P SUR","PROVINCIA",6,2024,2184,2084,2178,2104,2127,2146
"SANTANDER","SABANA DE TORRES","PETROSANTANDER (COLOMBIA) INC.","CARARE LAS MONAS","SALINA",2201,1081,1053,1048,1020,996,970,988
"SANTANDER","SAN VICENTE DE CHUCURI","ECOPETROL S.A.","LISAMA NUTRIA","TESORO",1049,110,197,146,143,144,145,125
"SANTANDER","PUERTO WILCHES","ECOPETROL S.A.","MAGDALENA MEDIO","YARIGUI-CANTAGALLO",114,3462,4118,3616,3303,3110,2920,2390
"SUCRE","OVEJAS","HOCOL S.A.","SAMAN","BONGA",3510,5,5,6,5,5,4,5
"SUCRE","SAN PEDRO","Frontera Energy Colombia Corp Sucursal Colombia","LA CRECIENTE","LA CRECIENTE",6,1,2,1,1,1,1,1
"SUCRE","OVEJAS","HOCOL S.A.","SAMAN","MAMEY",2,24,22,22,23,24,21,23
"TOLIMA","CHAPARRAL","HOCOL S.A.","TOLIMA","OLINI",25,57,56,56,57,53,39,37
"TOLIMA","ESPINAL","Frontera Energy Colombia Corp Sucursal Colombia","ABANICO","ABANICO",68,483,487,473,436,461,498,478
"TOLIMA","PIEDRAS","INTEROIL COLOMBIA EXPLORATION AND PRODUCTION","AMBROSIA","AMBROSIA",508,29,29,29,29,31,30,29
"TOLIMA","PURIFICACION","HOCOL S.A.","CHENCHE","CHENCHE",29,50,50,49,49,49,46,48
"TOLIMA","MELGAR","PERENCO OIL AND GAS COLOMBIA LIMITED.","BOQUERON","GUANDO",51,5068,5070,4902,4805,4687,4649,4683
"TOLIMA","MELGAR","PERENCO OIL AND GAS COLOMBIA LIMITED.","BOQUERON","GUANDO SW",5224,3082,3415,3239,3072,2932,2707,2741
"TOLIMA","GUAMO","LAS QUINCHAS RESOURCE CORP SURCURSAL COLOMBIA","GUASIMO","LISA",2027,0,0,0,0,0,0,0
"TOLIMA","PIEDRAS","INTEROIL COLOMBIA EXPLORATION AND PRODUCTION","MANA","MANA",0,446,423,41,35,196,206,371
"TOLIMA","PURIFICACION","HOCOL S.A.","ESPINAL","MATACHIN NORTE",424,1239,1262,1318,1339,1286,1299,1239
"TOLIMA","PRADO","HOCOL S.A.","ESPINAL","MATACHIçN SUR",1216,137,173,190,195,199,183,176
"TOLIMA","PURIFICACION","HOCOL S.A.","ESPINAL","MATACHIN SUR",115,106,120,124,118,115,117,114
"TOLIMA","ORTEGA","HOCOL S.A.","ORTEGA","ORTEGA",80,198,190,192,194,195,187,188
"TOLIMA","ORTEGA","HOCOL S.A.","ORTEGA","PACANDE",197,217,225,214,176,37,41,40
"TOLIMA","SAN LUIS","HOCOL S.A.","ORTEGA","PACANDE",231,65,43,63,59,21,0,0
"TOLIMA","PURIFICACION","HOCOL S.A.","ESPINAL","PURIFICACION",53,51,51,52,22,0,0,0
"TOLIMA","PIEDRAS","INTEROIL COLOMBIA EXPLORATION AND PRODUCTION","RIO OPIA","RIO OPIA",52,25,27,3,0,28,26,29
"TOLIMA","CHAPARRAL","HOCOL S.A.","TOLIMA","RIçO SALDA—A",26,817,1283,1287,1214,1186,1168,1134
"TOLIMA","ORTEGA","HOCOL S.A.","TOLDADO","TOLDADO",858,282,313,319,354,436,365,365
"TOLIMA","PIEDRAS","HOCOL S.A.","PULI","TOQUI TOQUI",260,374,464,404,366,358,349,363
"TOLIMA","ALVARADO","HOCOL S.A.","ARMERO","TOTARE",357,73,73,70,29,0,0,0
"TOLIMA","ORTEGA","HOCOL S.A.","TOY","TOY",72,145,139,119,60,0,0,0
